{
  "project_info": {
    "project_number": "244161086030",
    "firebase_url": "https://team-project-87a83.firebaseio.com",
    "project_id": "team-project-87a83",
    "storage_bucket": "team-project-87a83.appspot.com"
  },
  "client": [
    {
      "client_info": {
        "mobilesdk_app_id": "1:244161086030:android:dcdd7d903b00e56d",
        "android_client_info": {
          "package_name": "com.fbu.group_project"
        }
      },
      "oauth_client": [
        {
          "client_id": "244161086030-4f7b56d586pjkf5npar6nokfvm45aqo6.apps.googleusercontent.com",
          "client_type": 3
        }
      ],
      "api_key": [
        {
          "current_key": "AIzaSyDFUWV6F-9FtJyWfKChFLEv2uBIEemR2rU"
        }
      ],
      "services": {
        "appinvite_service": {
          "other_platform_oauth_client": [
            {
              "client_id": "244161086030-4f7b56d586pjkf5npar6nokfvm45aqo6.apps.googleusercontent.com",
              "client_type": 3
            }
          ]
        }
      }
    }
  ],
  "configuration_version": "1"
}